"","stream","monthN","rep","ArrheniusC","Temp","lnK"
"1","ami",1,1,1.30382514860336,5.960963504,-3.82900317992483
"2","ami",2,1,1.37398418860336,5.490623145,-4.49696343470454
"3","ami",3,1,0.624070888603363,10.601566,-4.47597034851821
"4","ami",4,1,0.190369448603363,13.64389583,-4.2535010100265
"5","ami",5,1,-0.347659341396636,17.50994949,-4.15324823696779
"6","ami",6,1,-0.76267005139664,20.56400144,-3.80318384726907
"7","ami",7,1,-0.785995321396641,20.73755747,-4.22507998151124
"8","ami",8,1,-0.840728611396642,21.14561728,-4.14672857754531
"9","ami",9,1,-0.653523901396639,19.75459524,-4.0987814104925
"10","ami",10,1,0.165585348603365,13.81972321,-4.21587531430288
"11","ami",1,2,1.30382514860336,5.960963504,-4.75752401445343
"12","ami",2,2,1.37398418860336,5.490623145,-4.60744767750414
"13","ami",3,2,0.624070888603363,10.601566,-4.34040994800509
"14","ami",4,2,0.190369448603363,13.64389583,-4.33007689579317
"15","ami",5,2,-0.347659341396636,17.50994949,-4.14367212676525
"16","ami",6,2,-0.76267005139664,20.56400144,-4.03268950677891
"17","ami",7,2,-0.785995321396641,20.73755747,-4.21774400540932
"18","ami",8,2,-0.840728611396642,21.14561728,-4.15459169654591
"19","ami",9,2,-0.653523901396639,19.75459524,-4.58696353747113
"20","ami",10,2,0.165585348603365,13.81972321,-4.32065936163232
"21","ami",12,2,1.04931664860336,7.680577023,-4.68395455237188
"22","ami",1,3,1.30382514860336,5.960963504,-4.91326328677444
"23","ami",2,3,1.37398418860336,5.490623145,-4.50028076127618
"24","ami",3,3,0.624070888603363,10.601566,-4.2608794507818
"25","ami",4,3,0.190369448603363,13.64389583,-4.10310597152268
"26","ami",5,3,-0.347659341396636,17.50994949,-4.2285602803725
"27","ami",6,3,-0.76267005139664,20.56400144,-4.09341455481309
"28","ami",7,3,-0.785995321396641,20.73755747,-4.28205120861887
"29","ami",8,3,-0.840728611396642,21.14561728,-4.06484620840947
"30","ami",9,3,-0.653523901396639,19.75459524,-4.28339941687334
"31","ami",10,3,0.165585348603365,13.81972321,-4.46029222236096
"32","ami",12,3,1.04931664860336,7.680577023,-4.38741086365499
"33","ami",1,4,1.30382514860336,5.960963504,-4.72032831971583
"34","ami",2,4,1.37398418860336,5.490623145,-4.61040054047582
"35","ami",3,4,0.624070888603363,10.601566,-4.35553232903445
"36","ami",4,4,0.190369448603363,13.64389583,-4.1642497783403
"37","ami",5,4,-0.347659341396636,17.50994949,-4.12739799778788
"38","ami",6,4,-0.76267005139664,20.56400144,-4.23238131159885
"39","ami",7,4,-0.785995321396641,20.73755747,-4.16888991308887
"40","ami",8,4,-0.840728611396642,21.14561728,-4.08551955738011
"41","ami",9,4,-0.653523901396639,19.75459524,-4.46226856885837
"42","ami",10,4,0.165585348603365,13.81972321,-4.38795682353737
"43","ami",12,4,1.04931664860336,7.680577023,-4.94019966388638
"44","ami",1,5,1.30382514860336,5.960963504,-4.60278094250482
"45","ami",2,5,1.37398418860336,5.490623145,-4.55675866492348
"46","ami",3,5,0.624070888603363,10.601566,-4.39254326104209
"47","ami",4,5,0.190369448603363,13.64389583,-4.4531161024837
"48","ami",5,5,-0.347659341396636,17.50994949,-4.3413102713324
"49","ami",6,5,-0.76267005139664,20.56400144,-4.02217704725254
"50","ami",7,5,-0.785995321396641,20.73755747,-4.06657417377356
"51","ami",8,5,-0.840728611396642,21.14561728,-4.18293488691202
"52","ami",9,5,-0.653523901396639,19.75459524,-4.85366410991938
"53","ami",10,5,0.165585348603365,13.81972321,-4.38199055532475
"54","ami",12,5,1.04931664860336,7.680577023,-4.95879635360062
"55","ami",4,6,0.190369448603363,13.64389583,-4.2096185207468
"56","choco",2,1,1.20488338860336,6.626965875,-4.83401596414007
"57","choco",3,1,0.37089076860336,12.36968373,-4.59087524722066
"58","choco",4,1,-0.0014990113966391,15.01072917,-4.64171156376829
"59","choco",5,1,-0.54766254139664,18.97379874,-4.20083658445879
"60","choco",6,1,-0.915173401396636,21.7024569,-3.94679262341957
"61","choco",7,1,-1.02787985139664,22.54951149,-3.80710809903938
"62","choco",8,1,-1.05349368139664,22.7426935,-3.99168713060641
"63","choco",9,1,-0.863968871396636,21.31922619,-4.12861475425108
"64","choco",10,1,0.0868693686033595,14.37959524,-4.46135862829782
"65","choco",11,1,0.886493338603358,8.791868056,-4.66263342275242
"66","choco",2,2,1.20488338860336,6.626965875,-4.64926523945991
"67","choco",3,2,0.37089076860336,12.36968373,-4.45236026171486
"68","choco",5,2,-0.54766254139664,18.97379874,-4.26590022379623
"69","choco",6,2,-0.915173401396636,21.7024569,-4.08795227648311
"70","choco",7,2,-1.02787985139664,22.54951149,-3.73292589156737
"71","choco",8,2,-1.05349368139664,22.7426935,-3.93830112051358
"72","choco",9,2,-0.863968871396636,21.31922619,-4.18645425904028
"73","choco",10,2,0.0868693686033595,14.37959524,-4.40804442091914
"74","choco",11,2,0.886493338603358,8.791868056,-4.64684379302737
"75","choco",2,3,1.20488338860336,6.626965875,-4.74266358844678
"76","choco",3,3,0.37089076860336,12.36968373,-4.36984924101263
"77","choco",4,3,-0.0014990113966391,15.01072917,-4.68503331811961
"78","choco",5,3,-0.54766254139664,18.97379874,-4.25375691037972
"79","choco",7,3,-1.02787985139664,22.54951149,-3.8844057955957
"80","choco",8,3,-1.05349368139664,22.7426935,-3.93214806269928
"81","choco",9,3,-0.863968871396636,21.31922619,-4.09843433394906
"82","choco",10,3,0.0868693686033595,14.37959524,-4.49996080175004
"83","choco",11,3,0.886493338603358,8.791868056,-4.67687995919802
"84","choco",2,4,1.20488338860336,6.626965875,-4.49064248764174
"85","choco",3,4,0.37089076860336,12.36968373,-4.29299891187644
"86","choco",4,4,-0.0014990113966391,15.01072917,-4.4715855447813
"87","choco",5,4,-0.54766254139664,18.97379874,-4.31258072449113
"88","choco",6,4,-0.915173401396636,21.7024569,-4.10544089948984
"89","choco",7,4,-1.02787985139664,22.54951149,-3.93264090096518
"90","choco",8,4,-1.05349368139664,22.7426935,-4.06036896528784
"91","choco",9,4,-0.863968871396636,21.31922619,-4.51393064363438
"92","choco",10,4,0.0868693686033595,14.37959524,-4.45374435805728
"93","choco",11,4,0.886493338603358,8.791868056,-4.70945361524512
"94","choco",2,5,1.20488338860336,6.626965875,-4.60544752444285
"95","choco",3,5,0.37089076860336,12.36968373,-4.47838952838711
"96","choco",4,5,-0.0014990113966391,15.01072917,-4.29923830889248
"97","choco",5,5,-0.54766254139664,18.97379874,-4.22172494543759
"98","choco",6,5,-0.915173401396636,21.7024569,-4.026520581622
"99","choco",7,5,-1.02787985139664,22.54951149,-3.94797282578844
"100","choco",8,5,-1.05349368139664,22.7426935,-4.032282573912
"101","choco",9,5,-0.863968871396636,21.31922619,-4.27682337137956
"102","choco",10,5,0.0868693686033595,14.37959524,-4.54977161977198
"103","choco",11,5,0.886493338603358,8.791868056,-4.68519526048376
"104","choco",9,6,-0.863968871396636,21.31922619,-4.11326625365624
"105","coon",1,1,1.21274157860336,6.573954155,-4.68525484454155
"106","coon",2,1,1.31703835860336,5.872261905,-4.57085021186329
"107","coon",3,1,0.30895531860336,12.80557808,-4.47049533486149
"108","coon",4,1,-0.278009451396642,17.00361111,-4.27558432037127
"109","coon",5,1,-0.941547701396637,21.9002399,-4.16161769901509
"110","coon",6,1,-1.34847918139664,24.98583333,-3.79725250289647
"111","coon",7,1,-1.24326588139664,24.181875,-3.68120668523413
"112","coon",8,1,-1.26264505139664,24.32962963,-4.0034034766613
"113","coon",9,1,-0.985832751396636,22.23293452,-3.99321283329254
"114","coon",10,1,-0.120648161396637,15.86610119,-4.3908687310458
"115","coon",11,1,0.734652088603362,9.836159722,-4.34766068684679
"116","coon",12,1,0.982965058603362,8.132376302,-4.67519155047841
"117","coon",1,2,1.21274157860336,6.573954155,-4.55846075647496
"118","coon",2,2,1.31703835860336,5.872261905,-4.58146039767473
"119","coon",3,2,0.30895531860336,12.80557808,-4.48155918816482
"120","coon",4,2,-0.278009451396642,17.00361111,-4.35535081919931
"121","coon",5,2,-0.941547701396637,21.9002399,-4.27250769724922
"122","coon",6,2,-1.34847918139664,24.98583333,-3.72299428370415
"123","coon",7,2,-1.24326588139664,24.181875,-3.85224467102367
"124","coon",8,2,-1.26264505139664,24.32962963,-3.71723744801449
"125","coon",9,2,-0.985832751396636,22.23293452,-4.06315105799924
"126","coon",10,2,-0.120648161396637,15.86610119,-3.73203942958293
"127","coon",11,2,0.734652088603362,9.836159722,-4.5160248791139
"128","coon",12,2,0.982965058603362,8.132376302,-4.81911443097172
"129","coon",1,3,1.21274157860336,6.573954155,-4.96358965071874
"130","coon",2,3,1.31703835860336,5.872261905,-4.5415992265374
"131","coon",3,3,0.30895531860336,12.80557808,-4.46596370219932
"132","coon",4,3,-0.278009451396642,17.00361111,-4.21687029420405
"133","coon",5,3,-0.941547701396637,21.9002399,-4.34025878361699
"134","coon",6,3,-1.34847918139664,24.98583333,-4.03239879937927
"135","coon",7,3,-1.24326588139664,24.181875,-3.64778925876274
"136","coon",8,3,-1.26264505139664,24.32962963,-3.80671146096939
"137","coon",9,3,-0.985832751396636,22.23293452,-4.25312216978936
"138","coon",10,3,-0.120648161396637,15.86610119,-4.37893669346302
"139","coon",11,3,0.734652088603362,9.836159722,-4.43079495108198
"140","coon",12,3,0.982965058603362,8.132376302,-4.75466326264174
"141","coon",1,4,1.21274157860336,6.573954155,-4.76227684709304
"142","coon",2,4,1.31703835860336,5.872261905,-4.54794644650413
"143","coon",3,4,0.30895531860336,12.80557808,-4.48202581467714
"144","coon",4,4,-0.278009451396642,17.00361111,-4.29947893173781
"145","coon",5,4,-0.941547701396637,21.9002399,-4.22354534548618
"146","coon",6,4,-1.34847918139664,24.98583333,-3.91481489913894
"147","coon",7,4,-1.24326588139664,24.181875,-3.5351572546427
"148","coon",8,4,-1.26264505139664,24.32962963,-3.8256720673136
"149","coon",9,4,-0.985832751396636,22.23293452,-4.13904563314041
"150","coon",10,4,-0.120648161396637,15.86610119,-4.39781371747122
"151","coon",11,4,0.734652088603362,9.836159722,-4.37325553349227
"152","coon",12,4,0.982965058603362,8.132376302,-4.774842522556
"153","coon",1,5,1.21274157860336,6.573954155,-4.43949669236385
"154","coon",2,5,1.31703835860336,5.872261905,-4.31563458238699
"155","coon",3,5,0.30895531860336,12.80557808,-4.56502221056768
"156","coon",4,5,-0.278009451396642,17.00361111,-4.40386202102553
"157","coon",5,5,-0.941547701396637,21.9002399,-4.29294578053003
"158","coon",6,5,-1.34847918139664,24.98583333,-4.0278254038421
"159","coon",7,5,-1.24326588139664,24.181875,-3.71356222275276
"160","coon",8,5,-1.26264505139664,24.32962963,-3.90371278119107
"161","coon",9,5,-0.985832751396636,22.23293452,-4.16834091599
"162","coon",10,5,-0.120648161396637,15.86610119,-4.31475796877544
"163","coon",11,5,0.734652088603362,9.836159722,-4.46112083898565
"164","coon",12,5,0.982965058603362,8.132376302,-4.80123215131433
"165","hendrick",1,1,0.58306428860336,10.88645349,-4.36145739933596
"166","hendrick",2,1,0.58326385860336,10.8850656,-4.43382489864238
"167","hendrick",3,1,0.168619348603364,13.79818731,-4.23072286058272
"168","hendrick",4,1,-0.0161814913966367,15.11586111,-3.95028063449582
"169","hendrick",5,1,-0.230785291396636,16.66130489,-3.95815082179275
"170","hendrick",6,1,-0.368446231396639,17.66140791,-4.06788093344126
"171","hendrick",7,1,-0.395860391396639,17.86139583,-4.04970081112572
"172","hendrick",8,1,-0.430190241396637,18.11222222,-4.01270658612767
"173","hendrick",9,1,-0.365739701396642,17.64167857,-4.25872173483172
"174","hendrick",10,1,0.0255390286033617,14.81732738,-4.42442729129236
"175","hendrick",11,1,0.416307628603363,12.05088889,-4.27764009717883
"176","hendrick",12,1,0.516052408603365,11.35324219,-4.30092019757653
"177","hendrick",1,2,0.58306428860336,10.88645349,-4.32520571777962
"178","hendrick",2,2,0.58326385860336,10.8850656,-4.27270374758846
"179","hendrick",3,2,0.168619348603364,13.79818731,-4.23382568802992
"180","hendrick",4,2,-0.0161814913966367,15.11586111,-4.0794859009158
"181","hendrick",5,2,-0.230785291396636,16.66130489,-3.9233202294348
"182","hendrick",6,2,-0.368446231396639,17.66140791,-4.18240092865943
"183","hendrick",7,2,-0.395860391396639,17.86139583,-4.02538578731643
"184","hendrick",8,2,-0.430190241396637,18.11222222,-3.98529835507744
"185","hendrick",9,2,-0.365739701396642,17.64167857,-4.23021576435289
"186","hendrick",10,2,0.0255390286033617,14.81732738,-4.31332329843155
"187","hendrick",11,2,0.416307628603363,12.05088889,-4.0860903025482
"188","hendrick",12,2,0.516052408603365,11.35324219,-4.35093781903399
"189","hendrick",1,3,0.58306428860336,10.88645349,-4.35695938007547
"190","hendrick",2,3,0.58326385860336,10.8850656,-4.33285368663269
"191","hendrick",3,3,0.168619348603364,13.79818731,-4.24212793643284
"192","hendrick",4,3,-0.0161814913966367,15.11586111,-4.00979273745276
"193","hendrick",5,3,-0.230785291396636,16.66130489,-4.00720510843465
"194","hendrick",6,3,-0.368446231396639,17.66140791,-4.04479080395058
"195","hendrick",7,3,-0.395860391396639,17.86139583,-4.1003014090578
"196","hendrick",8,3,-0.430190241396637,18.11222222,-4.10516434553954
"197","hendrick",9,3,-0.365739701396642,17.64167857,-4.23782233073618
"198","hendrick",10,3,0.0255390286033617,14.81732738,-4.37362443224643
"199","hendrick",11,3,0.416307628603363,12.05088889,-4.07425138890321
"200","hendrick",12,3,0.516052408603365,11.35324219,-4.93477305086194
"201","hendrick",1,4,0.58306428860336,10.88645349,-4.30151029149105
"202","hendrick",2,4,0.58326385860336,10.8850656,-4.35930646362897
"203","hendrick",3,4,0.168619348603364,13.79818731,-4.19735051869794
"204","hendrick",4,4,-0.0161814913966367,15.11586111,-4.08847174104497
"205","hendrick",5,4,-0.230785291396636,16.66130489,-3.95788120201835
"206","hendrick",6,4,-0.368446231396639,17.66140791,-4.01049452701177
"207","hendrick",7,4,-0.395860391396639,17.86139583,-4.02575322734018
"208","hendrick",8,4,-0.430190241396637,18.11222222,-4.00325376240407
"209","hendrick",9,4,-0.365739701396642,17.64167857,-4.07625410573653
"210","hendrick",10,4,0.0255390286033617,14.81732738,-4.17913098353511
"211","hendrick",11,4,0.416307628603363,12.05088889,-4.06876483104269
"212","hendrick",12,4,0.516052408603365,11.35324219,-4.42399812294234
"213","hendrick",1,5,0.58306428860336,10.88645349,-4.40502680225761
"214","hendrick",2,5,0.58326385860336,10.8850656,-4.41056908237872
"215","hendrick",3,5,0.168619348603364,13.79818731,-4.34483759936566
"216","hendrick",4,5,-0.0161814913966367,15.11586111,-4.04456123426028
"217","hendrick",5,5,-0.230785291396636,16.66130489,-3.98048805195349
"218","hendrick",6,5,-0.368446231396639,17.66140791,-4.1130715222558
"219","hendrick",7,5,-0.395860391396639,17.86139583,-3.89041729877464
"220","hendrick",8,5,-0.430190241396637,18.11222222,-3.92803186616572
"221","hendrick",9,5,-0.365739701396642,17.64167857,-4.23841430586405
"222","hendrick",10,5,0.0255390286033617,14.81732738,-4.259954357646
"223","hendrick",11,5,0.416307628603363,12.05088889,-3.99127375594922
"224","hendrick",12,5,0.516052408603365,11.35324219,-4.49266719861868
"225","lick",1,1,1.03590218860336,7.771801287,-4.64144347905462
"226","lick",3,1,0.348850298603359,12.52464955,-4.72262183905775
"227","lick",5,1,-0.560517481396637,19.06839015,-4.49812459087445
"228","lick",6,1,-0.911351031396642,21.67381466,-4.353579751356
"229","lick",7,1,-1.03118217139664,22.57440374,-4.19270814692616
"230","lick",8,1,-1.15611213139664,23.51918981,-4.20630594910776
"231","lick",9,1,-0.885538121396635,21.48053571,-4.33380569915101
"232","lick",10,1,0.0464935686033598,14.66761905,-4.33343367089955
"233","lick",11,1,0.755717568603359,9.690819444,-4.73235433646938
"234","lick",1,2,1.03590218860336,7.771801287,-4.73331121845712
"235","lick",2,2,1.05546581860336,7.638779762,-4.73072705977724
"236","lick",3,2,0.348850298603359,12.52464955,-4.46391214593409
"237","lick",5,2,-0.560517481396637,19.06839015,-4.76300129696746
"238","lick",6,2,-0.911351031396642,21.67381466,-4.3413595833567
"239","lick",7,2,-1.03118217139664,22.57440374,-4.17237523040533
"240","lick",8,2,-1.15611213139664,23.51918981,-4.08052432319175
"241","lick",9,2,-0.885538121396635,21.48053571,-4.39203826420577
"242","lick",10,2,0.0464935686033598,14.66761905,-4.42097804649202
"243","lick",11,2,0.755717568603359,9.690819444,-4.51400503952269
"244","lick",12,2,0.874854658603361,8.871640523,-4.99760866031489
"245","lick",1,3,1.03590218860336,7.771801287,-4.70598438515518
"246","lick",2,3,1.05546581860336,7.638779762,-4.61473568989665
"247","lick",3,3,0.348850298603359,12.52464955,-4.58683726563323
"248","lick",5,3,-0.560517481396637,19.06839015,-4.31258072449113
"249","lick",6,3,-0.911351031396642,21.67381466,-4.25484597533425
"250","lick",7,3,-1.03118217139664,22.57440374,-3.51551583342642
"251","lick",8,3,-1.15611213139664,23.51918981,-4.04493493281803
"252","lick",9,3,-0.885538121396635,21.48053571,-4.3647818641412
"253","lick",10,3,0.0464935686033598,14.66761905,-4.46045617753105
"254","lick",11,3,0.755717568603359,9.690819444,-4.77575651076363
"255","lick",12,3,0.874854658603361,8.871640523,-4.86608427247215
"256","lick",1,4,1.03590218860336,7.771801287,-4.69586335062923
"257","lick",2,4,1.05546581860336,7.638779762,-4.67480604986464
"258","lick",3,4,0.348850298603359,12.52464955,-4.58760299659892
"259","lick",6,4,-0.911351031396642,21.67381466,-4.54175022770877
"260","lick",7,4,-1.03118217139664,22.57440374,-4.18350986451698
"261","lick",8,4,-1.15611213139664,23.51918981,-4.13873968276076
"262","lick",9,4,-0.885538121396635,21.48053571,-4.34394256725768
"263","lick",10,4,0.0464935686033598,14.66761905,-4.47578107327137
"264","lick",11,4,0.755717568603359,9.690819444,-4.68281437241484
"265","lick",12,4,0.874854658603361,8.871640523,-4.97675400262581
"266","lick",1,5,1.03590218860336,7.771801287,-4.12928992054341
"267","lick",2,5,1.05546581860336,7.638779762,-4.66356601216582
"268","lick",3,5,0.348850298603359,12.52464955,-4.57711007904506
"269","lick",5,5,-0.560517481396637,19.06839015,-4.55130387963671
"270","lick",6,5,-0.911351031396642,21.67381466,-4.27512196783138
"271","lick",7,5,-1.03118217139664,22.57440374,-4.13960803050053
"272","lick",8,5,-1.15611213139664,23.51918981,-4.18508382460458
"273","lick",10,5,0.0464935686033598,14.66761905,-4.5327102782897
"274","lick",11,5,0.755717568603359,9.690819444,-4.76537708440838
"275","lick",12,5,0.874854658603361,8.871640523,-4.90785097899529
"276","mayfield",1,1,1.00588945860336,7.97611588,-4.82379993983105
"277","mayfield",2,1,0.999438968603364,8.020067014,-4.59496760972375
"278","mayfield",3,1,0.282783368603361,12.99017337,-4.64194994469613
"279","mayfield",4,1,-0.15378334139664,16.10488194,-4.70054725802965
"280","mayfield",5,1,-0.726023891396636,20.29174242,-4.43997350985603
"281","mayfield",6,1,-1.04146107139664,22.65191092,-4.64392816621877
"282","mayfield",7,1,-1.05721051139664,22.77074713,-4.23376002062976
"283","mayfield",8,1,-1.11074382139664,23.17539352,-4.12766389721192
"284","mayfield",9,1,-0.860393651396642,21.29250534,-4.43620163508545
"285","mayfield",10,1,0.00525986860336047,14.96235887,-4.39236590115271
"286","mayfield",11,1,0.620353558603362,10.62736806,-4.52094172772717
"287","mayfield",12,1,0.828264908603359,9.191422977,-4.83852431326629
"288","mayfield",1,2,1.00588945860336,7.97611588,-4.67450493733788
"289","mayfield",2,2,0.999438968603364,8.020067014,-4.64103677052513
"290","mayfield",3,2,0.282783368603361,12.99017337,-4.51068671144678
"291","mayfield",5,2,-0.726023891396636,20.29174242,-4.45418614323935
"292","mayfield",6,2,-1.04146107139664,22.65191092,-4.41324571842031
"293","mayfield",7,2,-1.05721051139664,22.77074713,-4.29860384898261
"294","mayfield",8,2,-1.11074382139664,23.17539352,-4.20379529810416
"295","mayfield",9,2,-0.860393651396642,21.29250534,-4.43430786954554
"296","mayfield",10,2,0.00525986860336047,14.96235887,-4.35091284787297
"297","mayfield",11,2,0.620353558603362,10.62736806,-4.64831978310811
"298","mayfield",12,2,0.828264908603359,9.191422977,-4.954953219509
"299","mayfield",1,3,1.00588945860336,7.97611588,-4.76191979009526
"300","mayfield",2,3,0.999438968603364,8.020067014,-4.62259471520234
"301","mayfield",3,3,0.282783368603361,12.99017337,-4.5031659162278
"302","mayfield",4,3,-0.15378334139664,16.10488194,-4.4783004706457
"303","mayfield",5,3,-0.726023891396636,20.29174242,-4.47070800168458
"304","mayfield",6,3,-1.04146107139664,22.65191092,-4.24699866248343
"305","mayfield",7,3,-1.05721051139664,22.77074713,-4.00149786885576
"306","mayfield",8,3,-1.11074382139664,23.17539352,-4.15061514912058
"307","mayfield",9,3,-0.860393651396642,21.29250534,-4.40315630209845
"308","mayfield",10,3,0.00525986860336047,14.96235887,-4.55393539331173
"309","mayfield",11,3,0.620353558603362,10.62736806,-4.58166374002992
"310","mayfield",12,3,0.828264908603359,9.191422977,-4.94057914808606
"311","mayfield",1,4,1.00588945860336,7.97611588,-4.70336157248497
"312","mayfield",2,4,0.999438968603364,8.020067014,-4.59225573762342
"313","mayfield",3,4,0.282783368603361,12.99017337,-4.67262014123985
"314","mayfield",4,4,-0.15378334139664,16.10488194,-4.78199078085502
"315","mayfield",5,4,-0.726023891396636,20.29174242,-4.40065124090941
"316","mayfield",6,4,-1.04146107139664,22.65191092,-4.28260158710757
"317","mayfield",7,4,-1.05721051139664,22.77074713,-4.16430582387606
"318","mayfield",8,4,-1.11074382139664,23.17539352,-4.06314669621278
"319","mayfield",9,4,-0.860393651396642,21.29250534,-4.46637296968108
"320","mayfield",10,4,0.00525986860336047,14.96235887,-4.33947125693073
"321","mayfield",11,4,0.620353558603362,10.62736806,-4.83034880665194
"322","mayfield",12,4,0.828264908603359,9.191422977,-4.99298866576704
"323","mayfield",1,5,1.00588945860336,7.97611588,-4.71376860466744
"324","mayfield",2,5,0.999438968603364,8.020067014,-4.7504862891977
"325","mayfield",3,5,0.282783368603361,12.99017337,-4.43347943651891
"326","mayfield",4,5,-0.15378334139664,16.10488194,-4.60046377851889
"327","mayfield",5,5,-0.726023891396636,20.29174242,-4.59763961206996
"328","mayfield",6,5,-1.04146107139664,22.65191092,-4.5488600818611
"329","mayfield",7,5,-1.05721051139664,22.77074713,-4.24835226227145
"330","mayfield",8,5,-1.11074382139664,23.17539352,-4.15288637958241
"331","mayfield",9,5,-0.860393651396642,21.29250534,-4.46788321687757
"332","mayfield",10,5,0.00525986860336047,14.96235887,-4.44234631299031
"333","mayfield",11,5,0.620353558603362,10.62736806,-4.60899910695921
"334","mayfield",12,5,0.828264908603359,9.191422977,-4.95789849955653
"335","schultz",1,1,0.558642168603363,11.05639465,-4.40049476560656
"336","schultz",2,1,0.626423918603365,10.58523599,-4.43981270898087
"337","schultz",3,1,0.177118438603358,13.73787647,-4.27956701855947
"338","schultz",4,1,-0.237391121396641,16.70913889,-3.99675111832299
"339","schultz",6,1,-0.963515341396636,22.0651796,-4.00963175492089
"340","schultz",7,1,-0.954811441396636,21.99980603,-4.12955539131718
"341","schultz",8,1,-0.904065351396639,21.61923611,-3.94774656077247
"342","schultz",9,1,-0.724961521396636,20.28385714,-4.17982382622374
"343","schultz",10,1,-0.154549081396638,16.11040476,-4.18797389144757
"344","schultz",11,1,0.456404478603361,11.77002795,-4.41126135503563
"345","schultz",12,1,0.599581348603358,10.77163478,-4.54906096680486
"346","schultz",1,2,0.558642168603363,11.05639465,-4.4463327348233
"347","schultz",2,2,0.626423918603365,10.58523599,-4.3057182509167
"348","schultz",3,2,0.177118438603358,13.73787647,-4.27415574464418
"349","schultz",4,2,-0.237391121396641,16.70913889,-4.15898024007923
"350","schultz",6,2,-0.963515341396636,22.0651796,-4.01286900464537
"351","schultz",7,2,-0.954811441396636,21.99980603,-4.04844199171268
"352","schultz",8,2,-0.904065351396639,21.61923611,-4.02296115833593
"353","schultz",9,2,-0.724961521396636,20.28385714,-4.23006834494988
"354","schultz",10,2,-0.154549081396638,16.11040476,-4.27048168212984
"355","schultz",11,2,0.456404478603361,11.77002795,-4.51862585971634
"356","schultz",12,2,0.599581348603358,10.77163478,-4.51751724817596
"357","schultz",1,3,0.558642168603363,11.05639465,-4.50523580520932
"358","schultz",2,3,0.626423918603365,10.58523599,-4.45649917789094
"359","schultz",3,3,0.177118438603358,13.73787647,-4.16588855648588
"360","schultz",4,3,-0.237391121396641,16.70913889,-3.91420222821019
"361","schultz",6,3,-0.963515341396636,22.0651796,-4.09318978922916
"362","schultz",7,3,-0.954811441396636,21.99980603,-4.12233961236153
"363","schultz",8,3,-0.904065351396639,21.61923611,-4.00789947054173
"364","schultz",9,3,-0.724961521396636,20.28385714,-4.18039956758999
"365","schultz",10,3,-0.154549081396638,16.11040476,-4.23058265465581
"366","schultz",11,3,0.456404478603361,11.77002795,-4.50251531729412
"367","schultz",12,3,0.599581348603358,10.77163478,-4.39821512404163
"368","schultz",1,4,0.558642168603363,11.05639465,-4.5357429155327
"369","schultz",2,4,0.626423918603365,10.58523599,-4.36858229616897
"370","schultz",3,4,0.177118438603358,13.73787647,-4.23329771175838
"371","schultz",4,4,-0.237391121396641,16.70913889,-4.19701649535915
"372","schultz",6,4,-0.963515341396636,22.0651796,-4.02044219406057
"373","schultz",7,4,-0.954811441396636,21.99980603,-4.15252147337793
"374","schultz",8,4,-0.904065351396639,21.61923611,-4.03821720974328
"375","schultz",9,4,-0.724961521396636,20.28385714,-4.1684125044078
"376","schultz",10,4,-0.154549081396638,16.11040476,-4.22545196936037
"377","schultz",11,4,0.456404478603361,11.77002795,-4.36258540600765
"378","schultz",12,4,0.599581348603358,10.77163478,-4.51564891142824
"379","schultz",1,5,0.558642168603363,11.05639465,-4.4656782800695
"380","schultz",2,5,0.626423918603365,10.58523599,-4.43756446119863
"381","schultz",3,5,0.177118438603358,13.73787647,-4.23789290597602
"382","schultz",4,5,-0.237391121396641,16.70913889,-4.18502706227279
"383","schultz",6,5,-0.963515341396636,22.0651796,-4.02630318326063
"384","schultz",7,5,-0.954811441396636,21.99980603,-4.11954434640224
"385","schultz",8,5,-0.904065351396639,21.61923611,-4.01624433686944
"386","schultz",9,5,-0.724961521396636,20.28385714,-4.17056098945199
"387","schultz",10,5,-0.154549081396638,16.11040476,-4.32012892240463
"388","schultz",11,5,0.456404478603361,11.77002795,-4.45620989581559
"389","schultz",12,5,0.599581348603358,10.77163478,-4.47929482613253
"390","stamp",1,1,1.21360478860336,6.568132184,-4.53725988693795
"391","stamp",2,1,1.31672667860336,5.87435364,-4.50752709317905
"392","stamp",3,1,0.508855808603364,11.40346327,-4.43688704154381
"393","stamp",4,1,0.0264242286033607,14.811,-4.34032062780771
"394","stamp",5,1,-0.428194151396639,18.09762626,-4.35373302079522
"395","stamp",6,1,-0.785080551396639,20.73074713,-4.21076413781275
"396","stamp",7,1,-0.83199918139664,21.08045977,-4.04658058154174
"397","stamp",8,1,-0.839616511396642,21.13731481,-4.04906902426479
"398","stamp",9,1,-0.695045931396642,20.0619881,-4.22065547961725
"399","stamp",10,1,0.12711189860336,14.09309524,-4.356699296735
"400","stamp",11,1,0.818069348603359,9.2615,-4.34791982139914
"401","stamp",12,1,1.00691144860336,7.969153646,-4.68217672415919
"402","stamp",1,2,1.21360478860336,6.568132184,-4.65182750628693
"403","stamp",2,2,1.31672667860336,5.87435364,-4.65220047464727
"404","stamp",3,2,0.508855808603364,11.40346327,-4.47541264288429
"405","stamp",4,2,0.0264242286033607,14.811,-4.27321312745909
"406","stamp",5,2,-0.428194151396639,18.09762626,-4.30321168346188
"407","stamp",6,2,-0.785080551396639,20.73074713,-4.29783042321357
"408","stamp",7,2,-0.83199918139664,21.08045977,-4.03097710776553
"409","stamp",8,2,-0.839616511396642,21.13731481,-4.01000111599687
"410","stamp",9,2,-0.695045931396642,20.0619881,-4.30931691390388
"411","stamp",10,2,0.12711189860336,14.09309524,-4.54208008830951
"412","stamp",11,2,0.818069348603359,9.2615,-4.38611843468115
"413","stamp",12,2,1.00691144860336,7.969153646,-4.73662043141681
"414","stamp",1,3,1.21360478860336,6.568132184,-4.65369395064502
"415","stamp",2,3,1.31672667860336,5.87435364,-4.5408956684464
"416","stamp",3,3,0.508855808603364,11.40346327,-4.53885720887913
"417","stamp",4,3,0.0264242286033607,14.811,-4.49626313672184
"418","stamp",5,3,-0.428194151396639,18.09762626,-4.37694843060615
"419","stamp",7,3,-0.83199918139664,21.08045977,-3.99670899731357
"420","stamp",8,3,-0.839616511396642,21.13731481,-4.10935658083007
"421","stamp",9,3,-0.695045931396642,20.0619881,-4.22050878208643
"422","stamp",10,3,0.12711189860336,14.09309524,-4.40510391861034
"423","stamp",11,3,0.818069348603359,9.2615,-4.42833984502779
"424","stamp",12,3,1.00691144860336,7.969153646,-4.75521372832997
"425","stamp",1,4,1.21360478860336,6.568132184,-4.64733641692275
"426","stamp",2,4,1.31672667860336,5.87435364,-4.53168155558688
"427","stamp",3,4,0.508855808603364,11.40346327,-4.38710108796164
"428","stamp",4,4,0.0264242286033607,14.811,-4.3435297988412
"429","stamp",5,4,-0.428194151396639,18.09762626,-4.38730357325621
"430","stamp",6,4,-0.785080551396639,20.73074713,-4.23878144411839
"431","stamp",7,4,-0.83199918139664,21.08045977,-3.92336407290734
"432","stamp",8,4,-0.839616511396642,21.13731481,-4.00272996632012
"433","stamp",9,4,-0.695045931396642,20.0619881,-4.19774453433534
"434","stamp",10,4,0.12711189860336,14.09309524,-4.48732644106344
"435","stamp",11,4,0.818069348603359,9.2615,-4.45528504780509
"436","stamp",12,4,1.00691144860336,7.969153646,-4.77584819276851
"437","stamp",1,5,1.21360478860336,6.568132184,-4.62563456019047
"438","stamp",2,5,1.31672667860336,5.87435364,-4.55077660745183
"439","stamp",3,5,0.508855808603364,11.40346327,-4.54908933028321
"440","stamp",4,5,0.0264242286033607,14.811,-4.27234451859756
"441","stamp",5,5,-0.428194151396639,18.09762626,-4.32648612449005
"442","stamp",6,5,-0.785080551396639,20.73074713,-4.29598215831538
"443","stamp",8,5,-0.839616511396642,21.13731481,-4.01481338227965
"444","stamp",9,5,-0.695045931396642,20.0619881,-4.334583434396
"445","stamp",10,5,0.12711189860336,14.09309524,-4.40423069029232
"446","stamp",11,5,0.818069348603359,9.2615,-4.53774277920185
"447","stamp",12,5,1.00691144860336,7.969153646,-4.74031922916118
"448","town",1,1,1.14898581860336,7.004633621,-4.5554861357396
"449","town",2,1,1.26954713860336,6.19133829,-4.85212281220208
"450","town",3,1,0.69261429860336,10.1266443,-4.52033439887881
"451","town",4,1,0.349561598603358,12.51964583,-4.37807604852572
"452","town",5,1,-0.0324576013966364,15.23249369,-4.44057396555388
"453","town",6,1,-0.350693511396642,17.53204741,-4.08630913293014
"454","town",7,1,-0.387412871396641,17.79974138,-4.2335137373185
"455","town",8,1,-0.47408932139664,18.43359568,-4.1451925242059
"456","town",9,1,-0.374660901396638,17.70672024,-4.56328130479387
"457","town",10,1,0.243359878603364,13.26868452,-4.2581196686151
"458","town",11,1,0.830526678603363,9.175881944,-4.56395598039266
"459","town",12,1,0.949673118603364,8.359614883,-4.74807497192625
"460","town",1,2,1.14898581860336,7.004633621,-4.68570454783707
"461","town",2,2,1.26954713860336,6.19133829,-4.57197944354411
"462","town",3,2,0.69261429860336,10.1266443,-4.46439475736367
"463","town",4,2,0.349561598603358,12.51964583,-4.32616015724672
"464","town",5,2,-0.0324576013966364,15.23249369,-4.31138701315767
"465","town",6,2,-0.350693511396642,17.53204741,-4.05292296509942
"466","town",7,2,-0.387412871396641,17.79974138,-4.209709960221
"467","town",8,2,-0.47408932139664,18.43359568,-4.15150708901168
"468","town",9,2,-0.374660901396638,17.70672024,-4.48179145768477
"469","town",10,2,0.243359878603364,13.26868452,-4.46628950137173
"470","town",11,2,0.830526678603363,9.175881944,-4.46084242198878
"471","town",12,2,0.949673118603364,8.359614883,-4.63955005893771
"472","town",1,3,1.14898581860336,7.004633621,-4.58425934945326
"473","town",2,3,1.26954713860336,6.19133829,-4.67248428882457
"474","town",3,3,0.69261429860336,10.1266443,-4.55418405377001
"475","town",4,3,0.349561598603358,12.51964583,-4.38651228015581
"476","town",5,3,-0.0324576013966364,15.23249369,-4.35675054355973
"477","town",6,3,-0.350693511396642,17.53204741,-4.2477328327572
"478","town",7,3,-0.387412871396641,17.79974138,-4.43586016325242
"479","town",8,3,-0.47408932139664,18.43359568,-4.15215600100114
"480","town",9,3,-0.374660901396638,17.70672024,-4.4536736252208
"481","town",10,3,0.243359878603364,13.26868452,-4.50071693176749
"482","town",11,3,0.830526678603363,9.175881944,-4.60346963274873
"483","town",12,3,0.949673118603364,8.359614883,-4.64799522693374
"484","town",1,4,1.14898581860336,7.004633621,-4.6219786602376
"485","town",2,4,1.26954713860336,6.19133829,-4.60871235205765
"486","town",3,4,0.69261429860336,10.1266443,-4.5961238279517
"487","town",4,4,0.349561598603358,12.51964583,-4.44659852170142
"488","town",6,4,-0.350693511396642,17.53204741,-4.22979562480595
"489","town",7,4,-0.387412871396641,17.79974138,-4.03363090907495
"490","town",8,4,-0.47408932139664,18.43359568,-4.37690123201936
"491","town",9,4,-0.374660901396638,17.70672024,-4.56764985998168
"492","town",10,4,0.243359878603364,13.26868452,-4.44551380467479
"493","town",11,4,0.830526678603363,9.175881944,-4.46251356766754
"494","town",12,4,0.949673118603364,8.359614883,-4.70684649667126
"495","town",1,5,1.14898581860336,7.004633621,-4.39975607650494
"496","town",2,5,1.26954713860336,6.19133829,-4.59163066044295
"497","town",3,5,0.69261429860336,10.1266443,-4.44788382754364
"498","town",4,5,0.349561598603358,12.51964583,-4.42807727476842
"499","town",6,5,-0.350693511396642,17.53204741,-4.06013010950506
"500","town",7,5,-0.387412871396641,17.79974138,-4.18311099114205
"501","town",8,5,-0.47408932139664,18.43359568,-4.15939188477716
"502","town",9,5,-0.374660901396638,17.70672024,-4.41158200332132
"503","town",10,5,0.243359878603364,13.26868452,-4.45366262469458
"504","town",11,5,0.830526678603363,9.175881944,-4.56983460635551
"505","town",12,5,0.949673118603364,8.359614883,-4.63792770266627
